fpid,name,position,team,bye,ffc_adp,fp_pts,wwo_pts,blend_pts,source,diff,wwo_7d_delta,ciely_pts
17298,Josh Allen,QB,BUF,7,32.8,370.6,370.8,368.7,blendWC,0.2,0.0,364.3
22968,Jahmyr Gibbs,RB,DET,6,1.5,337.4,346.5,339.0,blendWC,9.1,0.0,339.6
23046,Drake Maye,QB,NE,11,51.5,320.7,326.3,324.7,blendWC,5.6,0.0,332.3
17233,Lamar Jackson,QB,BAL,13,55.8,324.8,314.0,323.8,blendWC,-10.9,0.0,325.0
19275,Jalen Hurts,QB,PHI,10,81.0,320.2,321.0,318.7,blendWC,0.8,0.0,315.0
23133,Bijan Robinson,RB,ATL,11,2.4,318.1,323.6,318.3,blendWC,5.5,0.0,316.9
22902,Jayden Daniels,QB,WAS,7,72.4,322.2,301.1,317.9,blendWC,-21.1,-2.0,314.8
19196,Joe Burrow,QB,CIN,6,56.5,310.8,321.3,314.8,blendWC,10.5,0.0,320.6
19780,Trevor Lawrence,QB,JAC,7,90.9,306.6,320.4,307.9,blendWC,13.7,0.0,306.3
19797,Brock Purdy,QB,SF,8,85.1,306.0,305.7,307.9,blendWC,-0.3,0.0,312.6
23160,Jaxson Dart,QB,NYG,8,117.7,309.6,282.9,306.6,blendWC,-26.6,0.0,308.7
15600,Dak Prescott,QB,DAL,14,64.6,305.8,293.9,305.9,blendWC,-11.9,0.0,310.1
16393,Christian McCaffrey,RB,SF,8,7.0,295.5,301.3,303.2,blendWC,5.8,0.0,319.3
23084,Caleb Williams,QB,CHI,10,91.2,301.5,303.6,302.0,blendWC,2.1,0.0,302.2
16413,Patrick Mahomes II,QB,KC,5,103.9,302.5,276.7,300.3,blendWC,-25.7,4.0,303.7
22910,Bo Nix,QB,DEN,10,114.0,298.0,296.9,298.2,blendWC,-1.1,0.0,298.9
18635,Justin Herbert,QB,LAC,7,107.5,299.5,304.2,298.0,blendWC,4.8,0.0,293.0
9451,Matthew Stafford,QB,LAR,11,73.7,293.9,283.9,293.0,blendWC,-9.9,0.0,294.2
15501,Jared Goff,QB,DET,6,100.5,288.0,297.2,291.8,blendWC,9.2,0.0,297.5
19217,Jonathan Taylor,RB,IND,13,5.8,288.7,280.9,290.1,blendWC,-7.8,0.0,296.1
18600,Kyler Murray,QB,MIN,6,137.0,291.4,266.1,285.9,blendWC,-25.3,-1.0,281.6
19788,Ja'Marr Chase,WR,CIN,6,4.0,275.4,273.5,283.4,blendWC,-1.9,0.0,302.5
23180,Puka Nacua,WR,LAR,11,2.9,281.0,281.9,283.1,blendWC,0.9,0.0,287.9
17237,Baker Mayfield,QB,TB,10,135.0,281.8,286.8,282.1,blendWC,5.0,0.0,281.1
23096,Tyler Shough,QB,NO,8,138.1,285.1,272.6,281.3,blendWC,-12.5,0.0,276.6
23070,Jaxon Smith-Njigba,WR,SEA,11,5.1,270.5,258.3,276.8,blendWC,-12.2,0.0,295.4
23499,Malik Willis,QB,MIA,6,163.4,271.8,256.1,274.3,blendWC,-15.7,0.0,285.5
19246,Jordan Love,QB,GB,11,150.2,271.2,274.6,272.9,blendWC,3.4,0.0,275.8
18232,Daniel Jones,QB,IND,13,162.4,274.0,240.2,266.9,blendWC,-33.8,4.0,261.4
17236,Sam Darnold,QB,SEA,11,143.6,266.1,269.8,265.2,blendWC,3.7,0.0,261.8
23071,C.J. Stroud,QB,HOU,8,158.3,260.6,263.8,263.2,blendWC,3.1,0.0,268.3
15514,Derrick Henry,RB,BAL,13,10.1,265.8,262.7,260.4,blendWC,-3.2,0.0,248.9
22958,James Cook III,RB,BUF,7,9.1,254.0,276.8,258.9,blendWC,22.7,0.0,262.8
19799,Amon-Ra St. Brown,WR,DET,6,7.7,261.2,256.5,257.6,blendWC,-4.8,0.0,250.5
23136,De'Von Achane,RB,MIA,6,11.4,260.0,245.1,257.0,blendWC,-14.9,0.0,255.1
25324,Chase Brown,RB,CIN,6,14.5,246.8,244.4,251.8,blendWC,-2.4,6.0,264.3
22900,Bryce Young,QB,CAR,5,173.1,255.9,238.5,251.1,blendWC,-17.5,-2.0,245.6
17240,Saquon Barkley,RB,PHI,10,17.3,243.9,247.9,244.0,blendWC,4.0,0.0,243.1
23021,Kenneth Walker III,RB,KC,5,20.5,236.3,229.7,240.4,blendWC,-6.6,0.0,252.2
24755,Cam Ward,QB,TEN,9,161.2,230.9,237.1,239.4,blendWC,6.2,-2.0,257.1
25395,Omarion Hampton,RB,LAC,7,23.1,228.9,244.6,234.7,blendWC,15.7,0.0,242.8
25989,Ashton Jeanty,RB,LV,13,22.8,232.4,248.2,228.8,blendWC,15.8,-4.8,215.1
22739,Javonte Williams,RB,DAL,14,33.8,223.7,232.9,227.8,blendWC,9.2,0.0,234.2
11687,Geno Smith,QB,NYJ,,,233.8,238.5,227.3,blendWC,4.7,0.0,210.6
9001,Aaron Rodgers,QB,PIT,,,224.7,219.7,225.3,blendWC,-5.0,-2.0,228.6
19202,CeeDee Lamb,WR,DAL,14,12.4,223.9,230.7,224.3,blendWC,6.7,0.0,222.7
23059,Kyren Williams,RB,LAR,11,27.7,218.6,232.3,223.6,blendWC,13.7,0.0,230.8
22982,Breece Hall,RB,NYJ,13,33.2,222.4,226.0,223.3,blendWC,3.6,0.0,224.2
15642,Jacoby Brissett,QB,ARI,,,230.2,171.5,222.3,blendWC,-58.7,0.0,223.4
19236,Justin Jefferson,WR,MIN,6,13.6,221.4,220.3,221.3,blendWC,-1.2,0.0,221.3
23163,Drake London,WR,ATL,11,12.9,227.1,219.7,220.8,blendWC,-7.4,0.0,208.7
22963,George Pickens,WR,DAL,14,19.0,210.4,200.0,215.8,blendWC,-10.5,0.0,231.8
18218,A.J. Brown,WR,NE,11,17.5,212.6,216.4,214.9,blendWC,3.9,0.0,219.0
19231,Travis Etienne Jr.,RB,NO,8,37.1,214.0,202.1,214.7,blendWC,-11.9,0.0,220.3
25403,Jeremiyah Love,RB,ARI,14,30.1,224.8,210.2,212.1,blendWC,-14.6,0.0,187.3
23113,Rashee Rice,WR,KC,5,17.3,219.2,201.1,211.2,blendWC,-18.1,0.0,198.4
20130,Nico Collins,WR,HOU,8,21.4,209.1,213.4,210.4,blendWC,4.3,0.0,212.1
20111,Chris Olave,WR,NO,8,22.3,213.9,200.0,210.3,blendWC,-13.9,0.0,206.6
25981,Bucky Irving,RB,TB,10,48.3,199.7,187.9,209.2,blendWC,-11.8,0.0,235.3
27166,Cam Skattebo,RB,NYG,8,39.6,212.6,204.3,205.4,blendWC,-8.3,0.0,191.3
19210,D'Andre Swift,RB,CHI,10,43.3,205.5,208.0,204.1,blendWC,2.4,0.0,200.0
22955,Brock Bowers,TE,LV,13,41.7,195.4,197.3,203.8,blendWC,2.0,0.0,222.7
22936,Trey McBride,TE,ARI,14,38.3,201.5,205.3,202.4,blendWC,3.8,0.0,203.3
22916,Zay Flowers,WR,BAL,13,24.0,201.0,187.7,200.8,blendWC,-13.3,0.0,204.7
25391,Quinshon Judkins,RB,CLE,11,51.0,199.8,198.7,198.1,blendWC,-1.1,0.0,194.6
25409,Malik Nabers,WR,NYG,8,25.5,200.2,207.0,196.7,blendWC,6.8,9.4,186.4
27297,Bhayshul Tuten,RB,JAC,7,53.7,194.8,174.7,196.3,blendWC,-20.1,0.0,206.4
19222,DeVonta Smith,WR,PHI,10,30.9,193.1,195.6,194.8,blendWC,2.5,0.0,197.9
25417,Tetairoa McMillan,WR,CAR,5,30.1,193.1,187.4,194.7,blendWC,-5.7,0.0,200.3
19211,Tee Higgins,WR,CIN,6,35.5,186.3,187.9,193.3,blendWC,1.6,0.0,209.2
23072,Garrett Wilson,WR,NYJ,13,31.2,194.7,187.4,193.0,blendWC,-7.3,0.0,191.5
18239,David Montgomery,RB,HOU,8,56.5,182.9,197.8,192.2,blendWC,14.8,0.0,208.8
23677,Jameson Williams,WR,DET,6,40.4,185.1,175.4,192.1,blendWC,-9.8,0.0,211.6
23062,Emeka Egbuka,WR,TB,10,34.4,191.6,203.5,191.4,blendWC,11.9,0.0,187.2
12123,Davante Adams,WR,LAR,11,37.4,187.8,180.7,187.6,blendWC,-7.1,0.0,189.6
26122,Ladd McConkey,WR,LAC,7,40.8,178.6,176.0,186.1,blendWC,-2.6,2.0,204.5
28013,Fernando Mendoza,QB,LV,,,191.7,225.3,184.5,blendWC,33.5,26.0,156.5
26006,Colston Loveland,TE,CHI,10,59.8,172.1,166.5,184.3,blendWC,-5.6,0.0,214.8
19790,Jaylen Waddle,WR,DEN,10,46.9,173.2,177.2,181.8,blendWC,4.0,2.5,200.6
27329,Jadarian Price,RB,SEA,11,72.8,174.5,166.4,181.3,blendWC,-8.1,0.0,199.8
18466,Terry McLaurin,WR,WAS,7,45.9,175.0,177.6,180.9,blendWC,2.6,0.0,193.8
23065,TreVeyon Henderson,RB,NE,11,62.8,173.9,180.2,180.1,blendWC,6.3,-2.9,192.4
22726,Rhamondre Stevenson,RB,NE,11,62.8,171.1,158.9,179.7,blendWC,-12.2,0.0,203.8
27016,Luther Burden III,WR,CHI,10,57.2,171.8,164.9,177.3,blendWC,-6.9,0.0,192.4
17265,DJ Moore,WR,BUF,7,47.2,173.6,166.9,177.1,blendWC,-6.7,0.0,187.7
24209,Jaylen Warren,RB,PIT,9,63.7,174.8,159.8,174.3,blendWC,-15.0,0.0,178.1
25411,Rome Odunze,WR,CHI,10,50.3,174.1,164.6,173.1,blendWC,-9.5,0.0,174.0
19647,Rico Dowdle,RB,PIT,9,74.5,165.1,179.9,170.4,blendWC,14.9,0.0,177.9
12119,Mike Evans,WR,SF,8,53.1,162.7,165.9,169.8,blendWC,3.1,0.0,185.4
23886,Christian Watson,WR,GB,11,55.7,167.6,157.0,169.7,blendWC,-10.6,0.0,178.1
26434,Tyler Warren,TE,IND,13,71.4,159.7,165.4,168.8,blendWC,5.7,0.0,188.3
23106,Parker Washington,WR,JAC,7,64.7,153.1,160.7,167.5,blendWC,7.7,0.0,198.5
18705,Tony Pollard,RB,TEN,9,66.5,171.7,175.7,167.2,blendWC,4.0,0.0,155.6
17253,Courtland Sutton,WR,DEN,10,61.0,164.8,152.2,165.9,blendWC,-12.7,0.0,172.5
18219,DK Metcalf,WR,PIT,9,64.5,163.0,159.8,165.2,blendWC,-3.2,0.0,171.3
16499,George Kittle,TE,SF,8,94.5,153.3,148.1,162.3,blendWC,-5.3,0.0,185.0
26148,Jonathon Brooks,RB,CAR,5,90.3,153.2,161.9,160.7,blendWC,8.7,0.0,175.4
27050,Harold Fannin Jr.,TE,CLE,11,82.2,157.5,149.5,160.7,blendWC,-8.1,0.0,170.9
23064,Marvin Harrison Jr.,WR,ARI,14,66.8,163.2,160.7,159.8,blendWC,-2.6,0.0,152.6
26009,Carnell Tate,WR,TEN,9,76.3,145.8,149.4,158.6,blendWC,3.7,0.0,187.3
23791,Alec Pierce,WR,IND,13,63.3,164.0,165.5,157.8,blendWC,1.6,0.0,143.0
19245,J.K. Dobbins,RB,DEN,10,79.5,166.3,162.5,157.5,blendWC,-3.7,0.0,138.2
20164,Kyle Pitts Sr.,TE,ATL,11,89.0,149.2,153.9,154.7,blendWC,4.7,0.0,165.9
23123,Quentin Johnston,WR,LAC,7,86.9,143.0,140.5,154.2,blendWC,-2.6,0.0,181.1
22978,Sam LaPorta,TE,DET,6,119.1,149.0,175.2,154.1,blendWC,26.2,0.0,157.3
25298,Tucker Kraft,TE,GB,11,91.3,144.1,150.8,153.9,blendWC,6.7,0.0,174.7
19278,Michael Pittman Jr.,WR,PIT,9,81.2,150.0,151.3,152.0,blendWC,1.3,0.0,156.1
23000,Brian Thomas Jr.,WR,JAC,7,71.5,152.1,145.0,151.5,blendWC,-7.1,0.0,152.7
26068,Brandon Aubrey,K,DAL,14,133.0,151.4,,151.4,fp_only,,,
19792,Chuba Hubbard,RB,CAR,5,87.1,156.2,160.7,150.9,blendWC,4.5,0.0,136.9
14003,Jason Myers,K,SEA,11,128.4,150.4,,150.4,fp_only,,,
11594,Travis Kelce,TE,KC,5,122.6,144.4,141.2,150.2,blendWC,-3.3,0.0,164.9
23020,Jayden Reed,WR,GB,11,87.8,144.8,158.8,149.6,blendWC,14.0,0.0,156.1
27142,RJ Harvey,RB,DEN,10,105.7,139.1,147.5,147.2,blendWC,8.3,0.0,163.3
23310,Kenny Gainwell,RB,TB,10,99.9,146.7,151.2,147.1,blendW,4.5,0.0,
23118,MarShawn Lloyd,RB,GB,11,146.0,141.8,56.7,146.7,blendWC,-85.1,0.0,186.4
23107,Jordan Addison,WR,MIN,6,86.8,141.4,138.9,146.3,blendWC,-2.5,0.0,158.4
17270,Dallas Goedert,TE,PHI,10,101.3,146.7,122.7,145.5,blendWC,-24.1,0.0,150.6
13981,Stefon Diggs,WR,WAS,7,95.3,132.6,147.6,144.7,blendWC,15.0,-2.5,167.9
15756,Ka'imi Fairbairn,K,HOU,8,136.9,144.5,,144.5,fp_only,,,
16406,Chris Godwin Jr.,WR,TB,10,77.0,141.8,144.3,144.4,blendWC,2.5,0.0,149.7
27316,Jacory Croskey-Merritt,RB,WAS,7,102.6,141.1,139.0,144.2,blendWC,-2.1,0.0,152.1
23019,Xavier Worthy,WR,KC,5,99.9,139.9,142.0,144.0,blendWC,2.1,0.0,152.8
23781,Isaiah Likely,TE,NYG,8,135.9,133.9,139.6,143.4,blendWC,5.7,0.0,163.5
23901,Cameron Dicker,K,LAC,7,141.1,142.7,,142.7,fp_only,,,
23891,Rachaad White,RB,WAS,7,120.9,143.3,130.4,142.0,blendWC,-12.8,0.0,143.3
27131,Kyle Monangai,RB,CHI,10,103.0,144.4,168.0,141.8,blendWC,23.5,0.0,127.7
18598,Jakobi Meyers,WR,JAC,7,87.1,144.6,150.6,141.6,blendWC,6.1,0.0,132.6
22985,Wan'Dale Robinson,WR,TEN,9,94.4,139.1,141.0,141.6,blendWC,2.0,-2.5,147.0
22969,Jordan Mason,RB,MIN,6,113.8,138.3,151.4,140.9,blendWC,13.1,0.0,142.5
25333,Michael Wilson,WR,ARI,14,74.6,144.1,145.4,140.9,blendWC,1.3,0.0,133.1
26403,Jalen Coker,WR,CAR,5,116.6,127.1,149.1,139.2,blendWC,22.0,0.0,160.1
26024,Matthew Golden,WR,GB,11,101.3,136.6,141.6,138.2,blendWC,4.9,0.0,140.2
16673,Aaron Jones Sr.,RB,MIN,6,110.7,141.1,130.6,137.2,blendWC,-10.5,0.0,131.7
17269,Mark Andrews,TE,BAL,13,128.1,137.3,132.8,137.1,blendWC,-4.5,0.0,138.1
k-harrison-mevis,Harrison Mevis,K,LAR,11,147.5,136.9,,136.9,fp_only_csv_fpdefault,,,
25247,Dalton Kincaid,TE,BUF,7,145.0,131.4,120.4,136.7,blendWC,-11.0,0.0,152.5
23013,Blake Corum,RB,LAR,11,121.0,134.7,140.3,136.1,blendWC,5.6,0.0,137.3
26075,Jake Bates,K,DET,6,142.5,136.0,,136.0,fp_only,,,
23794,Romeo Doubs,WR,NE,11,103.9,135.3,132.1,135.8,blendWC,-3.1,0.0,138.2
22718,Jake Ferguson,TE,DAL,14,135.5,130.4,121.3,135.3,blendWC,-9.1,-2.0,149.9
18244,Deebo Samuel Sr.,WR,SF,8,103.1,134.8,141.6,135.2,blendWC,6.8,-11.5,133.7
18269,Josh Jacobs,RB,GB,11,28.1,144.7,216.1,134.7,blendWC,71.4,0.0,87.6
16398,Deshaun Watson,QB,CLE,,,135.2,144.8,134.2,blendWC,9.6,33.0,128.8
25420,Makai Lemon,WR,PHI,10,122.6,124.5,151.9,134.0,blendWC,27.4,0.0,146.9
13731,Cairo Santos,K,CHI,10,183.5,133.3,,133.3,fp_only,,,
24706,Josh Downs,WR,IND,13,94.2,129.4,150.6,133.2,blendWC,21.2,2.1,135.0
19058,Chase McLaughlin,K,TB,10,145.5,132.9,,132.9,fp_only,,,
17575,Eddy Pineiro,K,SF,,,132.6,,132.6,fp_only_csv_fpdefault,,,
24687,Rashid Shaheed,WR,SEA,11,119.0,131.7,116.9,132.3,blendWC,-14.9,0.0,138.5
k-tyler-loop,Tyler Loop,K,BAL,13,150.7,132.1,,132.1,fp_only_csv_fpdefault,,,
26475,Cam Little,K,JAC,7,146.8,132.0,,132.0,fp_only,,,
16712,Harrison Butker,K,KC,5,167.4,131.9,,131.9,fp_only,,,
26341,Will Reichard,K,MIN,6,156.2,130.8,,130.8,fp_only,,,
27331,KC Concepcion,WR,CLE,11,115.8,132.8,127.6,130.7,blendWC,-5.1,0.0,127.5
23748,Khalil Shakir,WR,BUF,7,110.3,130.1,148.3,130.4,blendWC,18.3,0.0,125.1
19562,Juwan Johnson,TE,NO,8,155.5,122.0,123.8,130.0,blendWC,1.7,0.0,148.0
15561,Hunter Henry,TE,NE,11,162.4,125.2,134.3,128.9,blendWC,9.1,0.0,134.5
23297,Evan McPherson,K,CIN,6,169.9,128.6,,128.6,fp_only,,,
9491,Nick Folk,K,ATL,,,128.6,,128.6,fp_only_csv_fpdefault,,,
16026,Wil Lutz,K,DEN,10,165.7,128.4,,128.4,fp_only,,,
k-trey-smack,Trey Smack,K,GB,11,159.9,126.9,,126.9,fp_only_csv_fpdefault,,,
19198,Tua Tagovailoa,QB,ATL,,,140.5,93.2,126.4,blendWC,-47.3,-45.0,109.3
17349,Dalton Schultz,TE,HOU,8,176.9,115.7,131.4,126.2,blendWC,15.7,11.7,145.5
28138,De'Zhaun Stribling,WR,SF,8,126.6,137.9,122.8,126.0,blendWC,-15.1,0.0,103.3
19760,Tyler Bass,K,BUF,7,145.7,123.7,,123.7,fp_only,,,
k-charlie-smyth,Charlie Smyth,K,NO,,,123.0,,123.0,fp_only_csv_fpdefault,,,
25345,Brenton Strange,TE,JAC,7,164.9,121.8,143.2,121.2,blendWC,21.4,0.0,112.7
8120,Houston Texans,DST,HOU,,,120.4,,120.4,fp_only,,,
16540,Jake Elliott,K,PHI,,,119.8,,119.8,fp_only_csv_fpdefault,,,
k-andy-borregales,Andy Borregales,K,NE,11,186.6,119.4,,119.4,fp_only_csv_fpdefault,,,
25337,Tre Tucker,WR,LV,13,129.7,117.0,112.1,119.1,blendWC,-4.9,0.0,125.8
8090,Denver Broncos,DST,DEN,,,118.3,,118.3,fp_only,,,
13029,Chris Boswell,K,PIT,,,118.3,,118.3,fp_only_csv_fpdefault,,,
18290,T.J. Hockenson,TE,MIN,6,173.1,108.9,115.5,117.6,blendWC,6.6,-17.6,135.7
17533,Jason Sanders,K,NYJ,,,117.5,,117.5,fp_only_csv_fpdefault,,,
k-drew-stevens,Drew Stevens,K,WAS,,,116.8,,116.8,fp_only_csv_fpdefault,,,
19794,Rashod Bateman,WR,BAL,13,138.0,114.8,92.5,116.1,blendWC,-22.3,0.0,126.6
25323,Tyjae Spears,RB,TEN,9,141.1,115.1,114.0,115.9,blendWC,-1.1,0.0,118.3
22973,Michael Penix Jr.,QB,ATL,,,98.6,151.3,115.8,blendWC,52.7,34.8,138.4
17258,Calvin Ridley,WR,TEN,9,140.6,124.7,70.0,115.3,blendWC,-54.7,0.0,111.7
23370,Riley Patterson,K,MIA,,,114.7,,114.7,fp_only_csv_fpdefault,,,
19201,Jerry Jeudy,WR,CLE,11,124.2,126.0,107.7,114.6,blendWC,-18.2,0.0,94.3
23179,Jalen McMillan,WR,TB,10,135.9,110.4,115.6,114.5,blendWC,5.2,0.0,122.3
27339,Denzel Boston,WR,CLE,11,139.4,122.1,105.0,114.2,blendWC,-17.1,0.0,101.4
19028,Joey Slye,K,TEN,,,113.9,,113.9,fp_only_csv_fpdefault,,,
11616,Keenan Allen,WR,IND,13,133.1,112.4,93.0,113.1,blendWC,-19.4,0.0,121.2
8170,Minnesota Vikings,DST,MIN,,,112.6,,112.6,fp_only,,,
8240,Pittsburgh Steelers,DST,PIT,,,112.4,,112.4,fp_only,,,
27520,Woody Marks,RB,HOU,8,142.2,113.7,87.2,112.0,blendWC,-26.5,0.0,117.0
25354,Chad Ryland,K,ARI,,,111.7,,111.7,fp_only_csv_fpdefault,,,
24177,Jalen Nailor,WR,LV,13,151.5,105.3,118.0,111.2,blendWC,12.7,0.0,120.5
8260,Seattle Seahawks,DST,SEA,,,110.6,,110.6,fp_only,,,
22989,Kayshon Boutte,WR,HOU,8,162.6,113.7,114.9,110.3,blendWC,1.1,30.6,101.8
24357,Adonai Mitchell,WR,NYJ,13,161.5,94.4,88.6,110.0,blendWC,-5.7,0.0,148.3
8280,Los Angeles Rams,DST,LAR,,,109.3,,109.3,fp_only,,,
8250,Los Angeles Chargers,DST,LAC,,,108.6,,108.6,fp_only,,,
k-ryan-fitzgerald,Ryan Fitzgerald,K,CAR,,,107.9,,107.9,fp_only_csv_fpdefault,,,
23982,Chig Okonkwo,TE,WAS,7,164.3,99.7,125.6,107.7,blendWC,25.9,0.0,117.6
18545,Matt Gay,K,LV,,,107.1,,107.1,fp_only_csv_fpdefault,,,
23153,Greg Dulcich,TE,MIA,,,106.5,96.6,107.0,blendWC,-9.8,0.0,111.6
23091,Terrance Ferguson,TE,LAR,11,176.8,103.2,91.5,107.0,blendWC,-11.7,0.0,119.6
8030,Buffalo Bills,DST,BUF,,,106.9,,106.9,fp_only,,,
8100,Detroit Lions,DST,DET,,,106.9,,106.9,fp_only,,,
27337,Ja'Kobi Lane,WR,BAL,13,163.2,110.6,95.9,105.8,blendWC,-14.7,0.0,99.4
8010,Atlanta Falcons,DST,ATL,,,105.6,,105.6,fp_only,,,
25968,Shedeur Sanders,QB,CLE,,,106.2,104.1,104.1,blendWC,-2.0,0.0,100.0
20163,Pat Freiermuth,TE,PIT,,,107.6,113.8,103.5,blendWC,6.2,0.0,91.8
19590,Jauan Jennings,WR,MIN,6,141.2,109.9,94.6,102.8,blendWC,-15.3,0.0,91.4
8230,Philadelphia Eagles,DST,PHI,,,102.6,,102.6,fp_only,,,
25713,Andre Szmyt,K,CLE,,,102.2,,102.2,fp_only_csv_fpdefault,,,
8020,Baltimore Ravens,DST,BAL,,,101.7,,101.7,fp_only,,,
8050,Chicago Bears,DST,CHI,,,101.0,,101.0,fp_only,,,
8070,Cleveland Browns,DST,CLE,,,100.8,,100.8,fp_only,,,
26035,Jordyn Tyson,WR,NO,8,156.0,89.4,99.3,100.3,blendWC,9.9,0.0,122.5
8190,New Orleans Saints,DST,NO,,,99.8,,99.8,fp_only,,,
8140,Jacksonville Jaguars,DST,JAC,,,99.8,,99.8,fp_only,,,
8180,New England Patriots,DST,NE,,,99.4,,99.4,fp_only,,,
8060,Cincinnati Bengals,DST,CIN,,,99.2,,99.2,fp_only,,,
22986,Chris Rodriguez Jr.,RB,JAC,7,151.4,93.0,146.7,97.1,blendWC,53.8,0.0,88.7
23181,Cade Otton,TE,TB,,,101.4,105.9,96.7,blendWC,4.5,0.0,84.3
8290,Tampa Bay Buccaneers,DST,TB,,,96.5,,96.5,fp_only,,,
26314,Malik Washington,WR,MIA,6,144.3,88.5,117.7,96.4,blendWC,29.2,0.0,105.1
8300,Tennessee Titans,DST,TEN,,,95.8,,95.8,fp_only,,,
8110,Green Bay Packers,DST,GB,,,95.2,,95.2,fp_only,,,
16433,Cooper Kupp,WR,SEA,11,150.1,101.4,77.2,94.9,blendWC,-24.1,0.0,88.0
28135,Caleb Douglas,WR,MIA,6,173.5,84.8,85.3,94.9,blendWC,0.6,0.0,118.2
16421,Alvin Kamara,RB,NO,8,157.8,100.6,62.2,94.6,blendWC,-38.4,0.0,93.5
24172,Tyler Allgeier,RB,ARI,14,155.5,85.7,85.3,94.6,blendWC,-0.4,7.8,115.3
8130,Indianapolis Colts,DST,IND,,,94.5,,94.5,fp_only,,,
8310,Washington Commanders,DST,WAS,,,94.0,,94.0,fp_only,,,
26335,AJ Barner,TE,SEA,,,100.1,125.4,93.5,blendWC,25.3,0.0,69.7
8150,Kansas City Chiefs,DST,KC,,,93.2,,93.2,fp_only,,,
24333,Isiah Pacheco,RB,DET,6,154.6,103.4,57.1,93.2,blendWC,-46.4,0.0,84.8
28127,Omar Cooper Jr.,WR,NYJ,,,84.0,114.7,93.2,blendWC,30.8,0.0,104.6
26398,Ryan Flournoy,WR,DAL,14,160.0,72.2,107.2,92.9,blendWC,34.9,0.0,129.4
18256,Justice Hill,RB,BAL,,,98.7,65.4,92.6,blendWC,-33.3,0.0,89.5
8080,Dallas Cowboys,DST,DAL,,,91.5,,91.5,fp_only,,,
8200,New York Giants,DST,NYG,,,91.5,,91.5,fp_only,,,
8160,Miami Dolphins,DST,MIA,,,91.0,,91.0,fp_only,,,
28108,Mike Washington Jr.,RB,LV,13,154.5,92.0,105.1,90.2,blendWC,13.1,35.5,81.8
8220,Las Vegas Raiders,DST,LV,,,89.9,,89.9,fp_only,,,
26409,Devaughn Vele,WR,NO,8,162.8,101.9,98.3,89.7,blendWC,-3.6,0.0,62.3
8000,Arizona Cardinals,DST,ARI,,,89.5,,89.5,fp_only,,,
24346,Braelon Allen,RB,NYJ,13,148.1,89.7,55.4,89.5,blendWC,-34.2,0.0,100.7
27109,Gunnar Helm,TE,TEN,,,87.0,112.5,88.7,blendWC,25.5,0.0,84.2
8270,San Francisco 49ers,DST,SF,,,88.1,,88.1,fp_only,,,
26038,Chris Bell,WR,MIA,,,88.0,60.0,87.5,blendWC,-28.0,0.0,95.7
26354,Bub Means,WR,NO,,,87.5,,87.5,fp_only_csv,,,
27102,Dylan Sampson,RB,CLE,11,167.4,92.0,90.6,87.2,blendWC,-1.4,0.0,76.4
23152,Zach Charbonnet,RB,SEA,11,133.1,107.5,72.4,87.1,blendWC,-35.1,0.0,51.2
26055,Kenyon Sadiq,TE,NYJ,,,100.9,88.7,86.7,blendWC,-12.2,0.0,57.6
8040,Carolina Panthers,DST,CAR,,,86.3,,86.3,fp_only,,,
8210,New York Jets,DST,NYJ,,,85.6,,85.6,fp_only,,,
26039,Germie Bernard,WR,PIT,,,88.5,88.7,84.6,blendWC,0.2,0.0,75.3
16423,Samaje Perine,RB,CIN,,,87.1,73.7,84.5,blendWC,-13.4,0.0,82.9
23101,Jahan Dotson,WR,ATL,,,74.9,63.8,84.0,blendWC,-11.1,0.0,108.8
20094,Brian Robinson Jr.,RB,ATL,11,160.6,82.4,74.4,83.8,blendWC,-8.0,0.0,89.6
16411,Evan Engram,TE,DEN,,,90.4,61.0,82.8,blendWC,-29.3,-17.2,75.0
17272,Mike Gesicki,TE,CIN,,,85.4,92.7,82.8,blendWC,7.3,0.0,74.2
27994,Malachi Fields,WR,NYG,8,155.4,69.2,94.6,82.7,blendWC,25.4,14.2,105.7
24354,Dontayvion Wicks,WR,PHI,10,157.8,82.8,94.1,82.4,blendWC,11.2,28.3,77.7
25360,Keaton Mitchell,RB,LAC,7,166.9,76.6,103.2,81.2,blendWC,26.6,0.0,83.1
14104,Darren Waller,TE,CAR,,,94.1,109.6,81.2,blendWC,15.4,0.0,46.0
26005,Mason Taylor,TE,NYJ,,,78.2,84.5,80.9,blendWC,6.2,0.0,85.0
22913,Tyquan Thornton,WR,KC,,,80.0,57.7,79.7,blendWC,-22.3,0.0,86.6
18406,Ty Johnson,RB,BUF,,,83.0,55.5,79.1,blendWC,-27.5,0.0,79.2
27446,Isaac TeSlaa,WR,DET,6,168.7,72.4,80.2,77.9,blendWC,7.8,0.0,88.1
22908,Tank Bigsby,RB,PHI,10,154.9,80.2,71.8,77.8,blendWC,-8.4,0.0,74.9
27122,Jaylin Noel,WR,HOU,,,97.5,75.9,76.9,blendWC,-21.6,-28.7,35.9
k-dominic-zvada,Dominic Zvada,K,NYG,,,76.7,,76.7,fp_only_csv_fpdefault,,,
25335,Andrei Iosivas,WR,CIN,,,69.6,82.6,75.7,blendWC,13.0,0.0,85.6
28401,Kaelon Black,RB,SF,8,159.0,83.3,46.1,74.9,blendWC,-37.2,0.0,67.6
25997,Oronde Gadsden II,TE,LAC,7,156.3,75.2,125.8,74.9,blendWC,50.6,0.0,57.5
24205,Malik Davis,RB,DAL,,,82.5,36.0,74.7,blendWC,-46.5,0.0,71.9
16399,David Njoku,TE,LAC,,,86.2,51.4,73.3,blendWC,-34.8,0.0,54.7
22980,Tyrone Tracy Jr.,RB,NYG,8,155.6,72.3,118.3,73.0,blendWC,46.0,0.0,59.4
25304,DeMario Douglas,WR,NE,,,66.3,72.3,72.3,blendWC,6.0,11.6,84.5
27211,Pat Bryant,WR,DEN,,,58.3,86.6,72.3,blendWC,28.3,0.0,95.6
26215,Tre' Harris,WR,LAC,7,174.8,72.5,102.5,71.9,blendWC,30.0,0.0,60.6
19372,Colby Parkinson,TE,LAR,,,73.8,68.3,71.4,blendWC,-5.5,0.0,67.6
25654,Emari Demercado,RB,KC,,,74.6,37.9,71.0,blendW,-36.7,0.0,
23770,Jalen Tolbert,WR,MIA,,,71.7,30.4,70.3,blendWC,-41.3,0.0,80.7
26136,Xavier Legette,WR,CAR,,,75.8,59.2,69.7,blendWC,-16.6,0.0,60.9
25332,Xavier Hutchinson,WR,HOU,,,83.1,32.6,68.6,blendWC,-50.5,0.0,51.5
26034,Travis Hunter,DUAL,JAC,7,165.8,83.2,86.8,68.1,blendWC,3.6,0.0,31.8
23056,Michael Mayer,TE,LV,,,70.0,70.5,67.2,blendWC,0.5,0.0,60.4
25418,Antonio Williams,WR,WAS,,,86.3,67.1,67.2,blendWC,-19.1,0.0,29.0
18631,Dawson Knox,TE,BUF,,,64.9,69.0,66.3,blendWC,4.1,0.0,68.2
23092,Troy Franklin,WR,DEN,10,165.0,79.0,59.3,66.1,blendWC,-19.7,0.0,42.4
22967,Darnell Washington,TE,PIT,,,58.7,75.8,66.0,blendWC,17.1,0.0,77.3
28130,Ted Hurst III,WR,TB,,,68.2,87.6,65.7,blendWC,19.5,0.0,53.4
26022,Tory Horton,WR,SEA,,,79.2,83.9,64.8,blendWC,4.7,0.0,29.7
19302,Najee Harris,RB,NYG,,,68.9,27.9,64.7,blendWC,-41.0,0.0,68.4
18706,Darius Slayton,WR,NYG,8,156.5,79.0,69.4,64.4,blendWC,-9.6,-7.3,33.4
26019,Keon Coleman,WR,BUF,,,62.5,78.2,62.3,blendWC,15.7,0.0,56.4
25419,Zachariah Branch,WR,ATL,,,64.6,69.7,60.3,blendWC,5.1,0.0,48.8
28129,Bryce Lance,WR,NO,,,72.0,34.2,59.6,blendWC,-37.8,0.0,43.2
26012,Malik Benson,WR,LV,,,67.0,55.0,59.3,blendWC,-12.0,0.0,45.6
25823,Chris Brooks,RB,GB,,,64.5,57.9,58.8,blendWC,-6.7,0.0,47.6
k-ben-sauls,Ben Sauls,K,NYG,,,58.5,,58.5,fp_only_csv_fpdefault,,,
27059,Elic Ayomanor,WR,TEN,,,66.7,51.2,58.2,blendWC,-15.4,0.0,43.7
11177,Kirk Cousins,QB,LV,,,47.1,42.0,57.8,blendWC,-5.1,0.0,84.5
23104,Theo Johnson,TE,NYG,,,62.4,68.0,57.3,blendWC,5.6,0.0,43.5
27310,Jordan James,RB,SF,,,69.0,63.6,57.0,blendWC,-5.3,0.0,30.9
19229,Cole Kmet,TE,CHI,,,53.8,69.3,55.0,blendWC,15.5,0.0,52.8
18520,KaVontae Turpin,WR,DAL,,,54.5,66.9,55.0,blendWC,12.4,0.0,52.2
19810,Darnell Mooney,WR,NYG,,,52.8,66.8,54.1,blendWC,14.0,14.8,52.5
15623,Tyler Higbee,TE,LAR,,,56.6,28.6,53.8,blendW_csv,-28.0,0.0,
27315,Chimere Dike,WR,TEN,,,65.2,77.2,53.7,blendWC,12.0,0.0,23.0
25361,Tank Dell,WR,HOU,8,158.4,44.6,47.6,53.7,blendWC,3.0,-63.9,73.8
25987,Jaylen Wright,RB,MIA,,,48.3,48.3,52.8,blendWC,-0.0,0.0,63.2
23837,Erick All Jr.,TE,CIN,,,53.3,,52.4,blendC_csv,,,50.4
27320,Jonah Coleman,RB,DEN,10,162.8,44.2,69.1,51.6,blendWC,24.9,0.0,60.5
24344,Jaydon Blue,RB,FA,0,148.7,50.3,61.2,51.4,blendW,10.9,0.0,
18226,Hollywood Brown,WR,PHI,,,67.1,60.3,51.4,blendWC,-6.8,0.0,17.1
17066,Kendrick Bourne,WR,ARI,,,38.8,67.9,50.9,blendWC,29.1,0.0,69.3
23004,Elijah Arroyo,TE,SEA,,,38.7,63.8,50.3,blendWC,25.1,0.0,68.9
28424,Cyrus Allen,WR,KC,5,148.1,43.0,85.0,49.8,blendWC,42.0,0.0,51.9
23739,Calvin Austin III,WR,NYG,,,49.2,,49.2,fp_only_csv,,,
27259,Brashard Smith,RB,KC,,,52.8,21.0,49.0,blendWC,-31.8,0.0,50.7
27224,Jack Bech,WR,LV,,,51.9,69.0,48.7,blendWC,17.1,0.0,35.5
26355,Kimani Vidal,RB,LAC,,,53.1,62.2,48.5,blendWC,9.1,0.0,34.8
22756,Charlie Kolar,TE,LAC,,,45.3,33.6,47.6,blendWC,-11.7,0.0,56.9
25885,Emanuel Wilson,RB,SEA,,,47.3,59.9,46.9,blendWC,12.5,0.0,41.9
22845,Joshua Palmer,WR,BUF,,,59.0,29.2,46.9,blendWC,-29.8,0.0,28.5
23080,Marvin Mims Jr.,WR,DEN,,,54.8,61.9,46.8,blendWC,7.1,0.0,25.8
15665,Demarcus Robinson,WR,SF,,,48.2,34.1,46.8,blendW,-14.1,0.0,
16489,Mack Hollins,WR,NE,,,45.8,52.2,43.9,blendWC,6.4,-2.3,37.1
28107,Emmett Johnson,RB,KC,5,157.0,35.7,69.5,43.5,blendWC,33.8,0.0,50.6
17268,Christian Kirk,WR,SF,,,43.8,40.5,43.4,blendW,-3.3,0.0,
19539,Noah Gray,TE,KC,,,40.4,52.1,43.3,blendWC,11.7,0.0,46.1
28154,Eli Raridon,TE,NE,,,36.5,28.7,42.6,blendWC_csv,-7.8,0.0,59.3
26011,Devontez Walker,WR,BAL,,,53.0,27.3,42.4,blendWC,-25.7,0.0,26.4
25533,Blake Grupe,K,FA,13,162.5,42.0,,42.0,fp_only,,,
25287,Cedric Tillman,WR,CLE,,,45.9,5.6,41.9,blendW_csv,-40.3,0.0,
22905,Treylon Burks,WR,WAS,,,37.2,31.6,40.8,blendWC,-5.6,0.0,51.0
18656,Ashton Dulin,WR,IND,,,55.4,2.7,40.8,blendWC_csv,-52.7,0.0,24.2
24334,Ja'Tavion Sanders,TE,CAR,,,34.8,22.0,40.4,blendWC_csv,-12.8,0.0,57.9
17527,Noah Fant,TE,NO,,,48.5,32.2,40.1,blendWC,-16.4,0.0,26.0
22915,George Holani,RB,SEA,,,30.0,27.2,39.8,blendWC,-2.7,0.0,63.6
28403,Will Kacmarek,TE,MIA,,,48.5,54.3,39.7,blendWC,5.8,0.0,17.2
15581,Austin Hooper,TE,ATL,,,44.3,29.0,39.4,blendWC_csv,-15.3,0.0,33.0
27285,LeQuint Allen Jr.,RB,JAC,,,36.2,55.4,39.2,blendWC,19.2,0.0,40.0
16460,Jonnu Smith,TE,GB,,,43.3,31.4,39.0,blendWC,-11.9,0.0,33.1
24371,Isaiah Bond,WR,CLE,,,29.0,56.8,39.0,blendWC,27.8,0.0,53.2
24238,Daniel Bellinger,TE,TEN,,,42.3,34.9,38.6,blendWC,-7.4,0.0,32.3
25977,Isaiah Davis,RB,NYJ,,,38.5,63.4,38.1,blendWC,24.9,0.0,29.0
28067,Kevin Coleman Jr.,WR,MIA,,,53.4,29.0,38.1,blendWC,-24.4,0.0,10.5
26191,Ray Davis,RB,BUF,,,25.6,71.1,37.7,blendWC,45.6,0.0,50.6
23144,Eli Stowers,TE,PHI,,,39.1,72.9,37.7,blendWC,33.7,0.0,23.2
16081,Kalif Raymond,WR,CHI,,,37.2,25.5,37.4,blendWC_csv,-11.7,0.0,41.7
20126,Tutu Atwell,WR,MIA,,,46.4,9.5,37.2,blendWC_csv,-36.9,0.0,28.0
24549,Cade York,K,NYJ,,,36.0,,36.0,fp_only_csv_fpdefault,,,
27222,Theo Wease Jr.,WR,MIA,,,39.1,7.6,35.9,blendW_csv,-31.5,0.0,
18487,Josh Oliver,TE,MIN,,,42.9,27.5,35.5,blendWC_csv,-15.4,0.0,23.3
25349,Ben Sims,TE,MIA,,,35.4,,35.4,fp_only_csv,,,
22795,Tommy Tremble,TE,CAR,,,38.5,28.0,35.0,blendWC_csv,-10.5,0.0,30.3
16447,James Conner,RB,ARI,,,40.5,60.7,34.5,blendWC,20.2,0.0,13.8
23341,Brock Wright,TE,DET,,,43.0,24.1,34.3,blendWC_csv,-18.9,0.0,20.2
26329,Jawhar Jordan,RB,FA,,,44.6,28.8,33.7,blendWC,-15.9,0.0,13.6
27810,Jahdae Walker,WR,CHI,,,48.7,23.5,33.7,blendWC_csv,-25.2,0.0,7.2
18864,Olamide Zaccheaus,WR,ATL,,,24.8,66.7,33.6,blendWC,41.9,0.0,40.2
24778,Jake Tonges,TE,SF,,,29.2,61.7,33.4,blendWC,32.5,0.0,32.3
22833,John Bates,TE,WAS,,,33.9,28.0,33.3,blendW_csv,-5.9,0.0,
23761,Davis Allen,TE,LAR,,,35.6,4.9,32.5,blendW_csv,-30.7,0.0,
23119,Elijah Higgins,TE,ARI,,,35.0,36.4,32.3,blendWC,1.4,0.0,25.7
28157,Marlin Klein,TE,HOU,,,35.5,26.0,32.2,blendWC_csv,-9.5,0.0,27.7
24343,Nicholas Singleton,RB,TEN,,,18.5,67.7,32.0,blendWC,49.2,0.0,47.0
27144,Savion Williams,WR,GB,,,34.1,29.6,31.7,blendWC,-4.4,0.0,27.6
26328,Luke McCaffrey,WR,WAS,,,43.1,8.0,31.7,blendWC_csv,-35.1,0.0,16.8
19423,Adam Trautman,TE,DEN,,,38.4,24.7,31.5,blendWC_csv,-13.7,0.0,19.9
23079,Seth McGowan,RB,IND,,,30.8,38.5,31.4,blendWC,7.7,0.0,30.3
28126,Skyler Bell,WR,BUF,,,27.9,57.7,31.2,blendWC,29.8,0.0,28.8
26037,Colbie Young,WR,CIN,,,24.2,28.0,31.2,blendWC,3.8,0.0,46.3
26160,Roman Wilson,WR,PIT,,,22.8,24.5,30.7,blendWC_csv,1.7,0.0,48.5
20113,Dyami Brown,WR,WAS,,,38.8,4.3,30.6,blendWC_csv,-34.5,0.0,22.9
24367,Adam Randall,RB,BAL,,,35.2,30.6,29.7,blendWC,-4.6,0.0,18.2
22953,Carson Beck,QB,ARI,,,29.9,58.9,28.9,blendWC,28.9,0.0,16.7
27454,Jaylin Lane,WR,WAS,,,28.4,33.7,28.9,blendW,5.3,0.0,
23679,Sean Tucker,RB,TB,,,31.4,56.9,28.4,blendWC,25.6,0.0,12.9
25322,Roschon Johnson,RB,CHI,,,32.9,7.7,28.2,blendWC,-25.2,0.0,25.6
16483,Austin Ekeler,RB,FA,,,30.1,9.2,28.0,blendW,-20.9,-23.8,
24562,Connor Heyward,TE,LV,,,29.2,14.0,27.7,blendW_csv,-15.2,0.0,
27501,Jack Endries,TE,CIN,,,24.8,47.3,27.1,blendW,22.5,0.0,
28084,Demond Claiborne,RB,MIN,,,18.5,26.8,26.6,blendWC,8.3,0.0,42.7
15645,Nick Vannett,TE,SEA,,,26.5,,26.5,fp_only_csv,,,
28132,Zavion Thomas,WR,CHI,,,28.7,51.8,26.4,blendWC,23.1,0.0,13.3
27449,Konata Mumpfield,WR,LAR,,,16.1,37.0,26.4,blendWC,20.9,0.0,43.3
25269,Cade Stover,TE,HOU,,,25.5,29.0,25.9,blendW,3.4,0.0,
10977,Isaiah Williams,WR,NYJ,,,33.7,27.8,25.6,blendWC_csv,-5.9,0.0,8.7
25267,Luke Schoonmaker,TE,DAL,,,24.1,27.5,25.6,blendWC_csv,3.4,0.0,28.1
27469,Jackson Hawes,TE,BUF,,,25.2,28.1,25.5,blendW_csv,2.9,0.0,
28133,Brenen Thompson,WR,LAC,,,22.7,35.1,25.4,blendWC,12.4,0.0,27.7
25282,Luke Musgrave,TE,GB,,,24.1,35.5,25.2,blendW,11.4,0.0,
25347,Zack Kuntz,TE,DAL,,,24.8,,24.8,fp_only_csv,,,
18397,Foster Moreau,TE,HOU,,,23.0,8.1,24.4,blendWC_csv,-14.9,0.0,32.7
23821,Will Mallory,TE,IND,,,24.0,,24.0,fp_only_csv,,,
27326,Jam Miller,RB,FA,,,24.0,22.2,23.8,blendW,-1.8,0.0,
24360,Kendre Miller,RB,NO,,,22.6,5.4,23.7,blendWC,-17.2,0.0,32.1
22813,Elijah Mitchell,RB,FA,,,25.1,9.7,23.6,blendW,-15.4,0.0,
28427,Nate Boerkircher,TE,JAC,,,29.9,24.2,23.6,blendWC_csv,-5.7,0.0,10.7
18561,Drew Sample,TE,CIN,,,30.3,27.7,23.5,blendWC_csv,-2.6,0.0,8.6
25881,Nate Adkins,TE,DEN,,,25.6,4.6,23.5,blendW_csv,-21.0,0.0,
23742,Jeremy Ruckert,TE,NYJ,,,32.3,7.5,23.1,blendWC_csv,-24.8,0.0,10.0
24182,Teagan Quitoriano,TE,ARI,,,22.9,,22.9,fp_only_csv,,,
26310,Ben Sinnott,TE,WAS,,,25.4,24.3,22.5,blendWC_csv,-1.1,0.0,16.2
26429,Cam Grandy,TE,CIN,,,22.5,,22.5,fp_only_csv,,,
23054,Audric Estime,RB,NO,,,22.1,24.8,22.4,blendW,2.7,0.0,
24216,Tanner Conner,TE,NYG,,,22.3,,22.3,fp_only_csv,,,
27993,Max Klare,TE,LAR,,,16.1,49.9,22.2,blendWC,33.8,0.0,25.3
24362,Kaytron Allen,RB,WAS,,,19.9,49.2,22.1,blendWC,29.2,0.0,17.3
27463,Elijah Sarratt,WR,BAL,,,20.9,55.3,21.9,blendWC,34.4,0.0,12.8
25983,Rasheen Ali,RB,BAL,,,16.9,38.4,21.7,blendWC,21.5,0.0,26.0
23135,Jordan Whittington,WR,LAR,,,25.5,21.2,21.7,blendWC_csv,-4.3,0.0,14.4
25984,Ollie Gordon II,RB,MIA,6,52.0,23.4,25.5,21.6,blendWC,2.1,0.0,16.8
11689,Zach Ertz,TE,FA,,,20.0,31.7,21.2,blendW,11.7,0.0,
17603,Justin Watson,WR,HOU,,,21.2,,21.2,fp_only_csv,,,
17826,Tanner Hudson,TE,CIN,,,22.8,4.8,21.0,blendW_csv,-18.0,0.0,
22930,Will Shipley,RB,PHI,,,21.9,33.8,20.6,blendWC,11.9,0.0,13.7
25430,Oscar Delp,TE,NO,,,18.5,34.2,19.6,blendWC,15.6,0.0,16.9
12127,Odell Beckham Jr.,WR,NYG,,,19.3,25.2,19.3,blendWC_csv,5.9,0.0,17.2
17508,Durham Smythe,TE,BAL,,,18.3,8.2,19.3,blendWC_csv,-10.1,0.0,25.1
28352,Dallen Bentley,TE,DEN,,,22.5,,19.1,blendC_csv,,,11.3
27097,DJ Giddens,RB,IND,,,17.1,31.7,18.7,blendWC,14.6,0.0,17.5
27288,Dont'e Thornton Jr.,WR,LV,,,12.9,4.1,18.4,blendWC_csv,-8.8,0.0,34.0
28163,Seydou Traore,TE,MIA,,,19.3,6.6,18.0,blendW_csv,-12.7,0.0,
24180,Grant Calcaterra,TE,PHI,,,23.0,22.8,17.9,blendWC_csv,-0.2,0.0,6.1
16445,Jeremy McNichols,RB,WAS,,,19.5,9.3,17.7,blendWC,-10.2,0.0,17.0
26212,Tahj Brooks,RB,CIN,,,18.2,26.9,17.7,blendWC,8.7,0.0,13.6
16579,Mo Alie-Cox,TE,IND,,,21.9,12.6,17.6,blendWC_csv,-9.3,0.0,10.8
27147,Tez Johnson,WR,TB,,,18.1,34.4,17.5,blendWC,16.4,0.0,10.6
19665,Charlie Woerner,TE,ATL,,,23.6,6.6,17.1,blendWC_csv,-17.0,0.0,7.7
9845,Kyle Williams,WR,NE,,,19.2,28.7,17.0,blendWC_csv,9.5,0.0,8.7
27138,Mitchell Evans,TE,CAR,,,17.1,12.9,16.7,blendW_csv,-4.2,0.0,
27076,Jalen Royals,WR,KC,,,14.9,30.1,16.3,blendWC,15.2,0.0,14.6
27294,Jimmy Horn Jr.,WR,CAR,,,17.9,27.6,16.1,blendWC,9.8,0.0,8.9
26003,Brevyn Spann-Ford,TE,DAL,,,15.0,25.9,16.1,blendW_csv,10.9,0.0,
24361,Cade Klubnik,QB,NYJ,,,9.4,25.7,15.8,blendWC,16.3,0.0,25.4
19781,Justin Fields,QB,KC,,,12.1,37.2,15.7,blendWC,25.2,0.0,15.7
24372,KeAndre Lambert-Smith,WR,LAC,,,14.6,31.8,15.7,blendWC,17.3,0.0,12.5
25416,Barion Brown,WR,NO,,,12.3,57.0,15.7,blendWC,44.7,0.0,8.9
18585,Greg Dortch,WR,FA,,,12.1,41.2,15.0,blendW,29.2,0.0,
22928,Phil Mafah,RB,FA,,,15.8,6.7,14.9,blendW,-9.1,0.0,
28161,Sam Roush,TE,CHI,,,14.5,29.3,14.7,blendWC,14.8,0.0,10.4
25631,Brycen Tremayne,WR,CAR,,,6.5,,14.4,blendC_csv,,,32.8
25346,Payne Durham,TE,TB,,,16.7,6.7,14.4,blendWC_csv,-10.0,0.0,12.5
27499,Tanner Koziol,TE,JAC,,,7.4,28.5,13.9,blendWC_csv,21.1,0.0,21.9
26440,Devin Culp,TE,TB,,,14.7,5.9,13.8,blendW_csv,-8.8,0.0,
9300,Joe Flacco,QB,CIN,,,10.3,30.8,13.1,blendWC,20.5,0.0,12.8
26546,Mason Tipton,WR,NO,,,13.1,,13.1,fp_only_csv,,,
19747,Nick Westbrook-Ikhine,WR,IND,,,14.1,26.9,13.0,blendWC_csv,12.8,0.0,6.3
22783,Hunter Long,TE,JAC,,,13.0,,13.0,fp_only_csv,,,
22923,Josh Whyle,TE,GB,,,13.5,5.2,12.7,blendW_csv,-8.3,0.0,
17387,Ian Thomas,TE,LV,,,13.2,3.3,12.2,blendW_csv,-9.9,0.0,
18280,Devin Singletary,RB,NYG,,,10.2,30.1,12.1,blendWC,19.8,18.3,9.8
27165,Kaleb Johnson,RB,GB,,,4.8,34.6,11.6,blendWC,29.8,0.0,17.4
24345,Drew Allar,QB,PIT,,,9.9,23.6,11.2,blendW,13.7,0.0,
24049,Bo Melton,WR,GB,,,10.0,8.6,11.0,blendWC_csv,-1.4,0.0,13.7
26392,Isaac Guerendo,RB,SF,,,11.3,6.7,10.8,blendW,-4.6,-15.0,
20156,Mac Jones,QB,SF,,,10.5,28.6,10.6,blendWC,18.1,0.0,4.8
28137,Josh Cameron,WR,JAC,,,7.0,53.9,10.6,blendWC,46.9,0.0,3.3
18562,Gardner Minshew II,QB,ARI,,,9.7,30.0,10.2,blendWC,20.3,0.0,4.8
24561,Drew Ogletree,TE,IND,,,7.2,4.3,10.1,blendWC_csv,-2.9,0.0,17.9
28125,CJ Daniels,WR,LAR,,,7.9,34.9,10.0,blendWC,26.9,0.0,5.8
24240,Lucas Krull,TE,DEN,,,10.4,6.7,10.0,blendW_csv,-3.7,0.0,
23727,Cole Turner,TE,MIA,,,9.7,,9.7,fp_only_csv,,,
27182,Tai Felton,WR,MIN,,,6.8,26.5,9.6,blendWC_csv,19.7,0.0,9.4
25627,Xavier Smith,WR,LAR,,,8.0,22.6,9.5,blendW_csv,14.6,0.0,
28141,Reggie Virgil,WR,ARI,,,6.2,23.7,9.0,blendWC_csv,17.5,0.0,9.8
25972,Will Howard,QB,PIT,,,5.6,24.1,8.9,blendWC,18.5,0.0,10.4
28155,Josh Cuevas,TE,BAL,,,7.0,24.7,8.8,blendW_csv,17.7,0.0,
25813,Tyrell Shavers,WR,BUF,,,9.0,3.3,8.4,blendW_csv,-5.7,0.0,
26023,Malachi Corley,WR,CLE,,,8.5,6.4,8.3,blendW_csv,-2.1,0.0,
19501,Luke Farrell,TE,SF,,,8.0,8.4,8.0,blendW_csv,0.4,0.0,
23030,Jonathan Mingo,WR,DAL,,,7.3,,7.6,blendC_csv,,,8.3
27251,CJ Dippre,TE,NE,,,7.5,,7.5,fp_only_csv,,,
25334,Derius Davis,WR,LAC,,,8.9,,7.2,blendC_csv,,,3.2
17598,Tyler Conklin,TE,DET,,,7.4,1.3,7.0,blendWC_csv,-6.1,0.0,8.2
27312,Joe Royer,TE,CLE,,,0.0,51.2,6.9,blendWC,51.2,0.0,5.9
27866,Darius Cooper,WR,PHI,,,7.2,5.7,6.8,blendWC_csv,-1.5,0.0,6.4
28144,Lewis Bond,WR,HOU,,,6.8,,6.8,fp_only_csv,,,
24568,Ko Kieft,TE,TB,,,7.3,2.0,6.8,blendW_csv,-5.3,0.0,
16706,Eric Saubert,TE,SEA,,,6.9,4.6,6.7,blendW_csv,-2.3,0.0,
16743,Johnny Mundt,TE,PHI,,,6.5,,6.5,fp_only_csv,,,
26432,Tip Reiman,TE,ARI,,,6.5,12.6,6.2,blendWC_csv,6.1,0.0,3.5
23193,Jack Stoll,TE,CLE,,,6.0,6.1,6.0,blendW_csv,0.1,0.0,
28079,Justin Joly,TE,FA,,,0.0,51.4,5.1,blendW,51.4,0.0,
27445,Efton Chism III,WR,NE,,,0.0,3.9,4.9,blendWC_csv,3.9,0.0,15.1
22843,Ben Skowronek,WR,PIT,,,3.2,0.7,4.4,blendWC_csv,-2.5,0.0,7.9
26194,Dylan Laube,RB,LV,,,0.0,11.6,4.3,blendWC,11.6,6.8,10.3
25393,Trevor Etienne,RB,CAR,,,0.0,37.8,3.8,blendW,37.8,0.0,
22965,Arian Smith,WR,NYJ,,,3.6,6.1,3.6,blendWC_csv,2.5,0.0,2.9
23812,Tyler Badie,RB,DEN,,,0.0,7.5,3.5,blendWC,7.5,0.0,9.0
23682,Devin Neal,RB,NO,,,0.0,33.3,3.3,blendW,33.3,0.0,
19219,Jalen Reagor,WR,MIA,,,3.1,,3.1,fp_only_csv,,,
14014,Chris Manhertz,TE,NYG,,,3.1,2.0,3.0,blendW_csv,-1.1,0.0,
25468,Jalen Brooks,WR,ARI,,,0.0,5.5,2.4,blendWC_csv,5.5,0.0,6.1
19270,Devin Duvernay,WR,ARI,,,0.0,,2.1,blendC_csv,,,7.1
26626,Kameron Johnson,WR,TB,,,1.8,4.2,2.0,blendW_csv,2.4,0.0,
28435,Kaden Wetjen,WR,PIT,,,1.8,3.5,2.0,blendW_csv,1.7,0.0,
27805,Myles Price,WR,MIN,,,0.0,,1.8,blendC_csv,,,6.0
25657,Blake Whiteheart,TE,CLE,,,0.0,3.8,1.2,blendWC_csv,3.8,0.0,2.7
22820,Quintin Morris,TE,JAC,,,0.0,6.6,0.7,blendW_csv,6.6,0.0,
25748,Zavier Scott,RB,MIN,,,0.0,5.4,0.5,blendW,5.4,0.0,
25824,Julian Hill,TE,NE,,,0.0,4.5,0.5,blendW_csv,4.5,0.0,
16757,David Moore,WR,CAR,,,0.0,3.6,0.4,blendW_csv,3.6,0.0,
24570,Dareke Young,WR,LV,,,0.0,3.9,0.4,blendW_csv,3.9,0.0,
23905,Skyy Moore,WR,GB,,,0.0,2.7,0.3,blendW_csv,2.7,0.0,
26404,Anthony Gould,WR,IND,,,0.0,3.0,0.3,blendW_csv,3.0,0.0,
27829,Gage Larvadain,WR,CLE,,,0.0,1.5,0.2,blendW_csv,1.5,0.0,
25289,Jacob Cowing,WR,SF,,,0.0,1.3,0.1,blendW_csv,1.3,0.0,
25772,Nikko Remigio,WR,KC,,,0.0,0.7,0.1,blendW_csv,0.7,0.0,
27447,LaJohntay Wester,WR,BAL,,,0.0,0.5,0.1,blendW_csv,0.5,0.0,
15495,Laquon Treadwell,WR,IND,,,0.0,,0.0,fp_only_csv,,,
17289,Braxton Berrios,WR,NYG,,,0.0,,0.0,fp_only_csv,,,
19704,Mason Kinsey,WR,TEN,,,0.0,,0.0,fp_only_csv,,,
23531,Michael Bandy,WR,DEN,,,0.0,,0.0,fp_only_csv,,,
24234,Britain Covey,WR,PHI,,,0.0,,0.0,fp_only_csv,,,
25336,Charlie Jones,WR,CIN,,,0.0,,0.0,fp_only_csv,,,
26423,Jeshaun Jones,WR,MIN,,,0.0,,0.0,fp_only_csv,,,
27724,Ke'Shawn Williams,WR,CIN,,,0.0,,0.0,fp_only_csv,,,
23829,Jelani Woods,TE,NYJ,,,0.0,,0.0,fp_only_csv,,,
